trial,seed,status,episode_jsonl,steps,n_targets_active_final,success_all_targets_neutralized,stderr
0,123,error,,,,,"Traceback (most recent call last):
  File ""C:\Users\josep\Desktop\Personal ML Projects\engagement-autonomy\scripts\run_episode.py"", line 140, in <module>
    main()
  File ""C:\Users\josep\Desktop\Personal ML Projects\engagement-autonomy\scripts\run_episode.py"", line 24, in main
    cfg = parse_config(load_yaml(args.config))
  File ""C:\Users\josep\Desktop\Personal ML Projects\engagement-autonomy\src\engagement_autonomy\config.py"", line 124, in parse_config
    max_pairs_per_agent=int(pld[""max_pairs_per_agent""]),
KeyError: 'max_pairs_per_agent'"
1,124,error,,,,,"Traceback (most recent call last):
  File ""C:\Users\josep\Desktop\Personal ML Projects\engagement-autonomy\scripts\run_episode.py"", line 140, in <module>
    main()
  File ""C:\Users\josep\Desktop\Personal ML Projects\engagement-autonomy\scripts\run_episode.py"", line 24, in main
    cfg = parse_config(load_yaml(args.config))
  File ""C:\Users\josep\Desktop\Personal ML Projects\engagement-autonomy\src\engagement_autonomy\config.py"", line 124, in parse_config
    max_pairs_per_agent=int(pld[""max_pairs_per_agent""]),
KeyError: 'max_pairs_per_agent'"
2,125,error,,,,,"Traceback (most recent call last):
  File ""C:\Users\josep\Desktop\Personal ML Projects\engagement-autonomy\scripts\run_episode.py"", line 140, in <module>
    main()
  File ""C:\Users\josep\Desktop\Personal ML Projects\engagement-autonomy\scripts\run_episode.py"", line 24, in main
    cfg = parse_config(load_yaml(args.config))
  File ""C:\Users\josep\Desktop\Personal ML Projects\engagement-autonomy\src\engagement_autonomy\config.py"", line 124, in parse_config
    max_pairs_per_agent=int(pld[""max_pairs_per_agent""]),
KeyError: 'max_pairs_per_agent'"
3,126,error,,,,,"Traceback (most recent call last):
  File ""C:\Users\josep\Desktop\Personal ML Projects\engagement-autonomy\scripts\run_episode.py"", line 140, in <module>
    main()
  File ""C:\Users\josep\Desktop\Personal ML Projects\engagement-autonomy\scripts\run_episode.py"", line 24, in main
    cfg = parse_config(load_yaml(args.config))
  File ""C:\Users\josep\Desktop\Personal ML Projects\engagement-autonomy\src\engagement_autonomy\config.py"", line 124, in parse_config
    max_pairs_per_agent=int(pld[""max_pairs_per_agent""]),
KeyError: 'max_pairs_per_agent'"
4,127,error,,,,,"Traceback (most recent call last):
  File ""C:\Users\josep\Desktop\Personal ML Projects\engagement-autonomy\scripts\run_episode.py"", line 140, in <module>
    main()
  File ""C:\Users\josep\Desktop\Personal ML Projects\engagement-autonomy\scripts\run_episode.py"", line 24, in main
    cfg = parse_config(load_yaml(args.config))
  File ""C:\Users\josep\Desktop\Personal ML Projects\engagement-autonomy\src\engagement_autonomy\config.py"", line 124, in parse_config
    max_pairs_per_agent=int(pld[""max_pairs_per_agent""]),
KeyError: 'max_pairs_per_agent'"
5,128,error,,,,,"Traceback (most recent call last):
  File ""C:\Users\josep\Desktop\Personal ML Projects\engagement-autonomy\scripts\run_episode.py"", line 140, in <module>
    main()
  File ""C:\Users\josep\Desktop\Personal ML Projects\engagement-autonomy\scripts\run_episode.py"", line 24, in main
    cfg = parse_config(load_yaml(args.config))
  File ""C:\Users\josep\Desktop\Personal ML Projects\engagement-autonomy\src\engagement_autonomy\config.py"", line 124, in parse_config
    max_pairs_per_agent=int(pld[""max_pairs_per_agent""]),
KeyError: 'max_pairs_per_agent'"
6,129,error,,,,,"Traceback (most recent call last):
  File ""C:\Users\josep\Desktop\Personal ML Projects\engagement-autonomy\scripts\run_episode.py"", line 140, in <module>
    main()
  File ""C:\Users\josep\Desktop\Personal ML Projects\engagement-autonomy\scripts\run_episode.py"", line 24, in main
    cfg = parse_config(load_yaml(args.config))
  File ""C:\Users\josep\Desktop\Personal ML Projects\engagement-autonomy\src\engagement_autonomy\config.py"", line 124, in parse_config
    max_pairs_per_agent=int(pld[""max_pairs_per_agent""]),
KeyError: 'max_pairs_per_agent'"
7,130,error,,,,,"Traceback (most recent call last):
  File ""C:\Users\josep\Desktop\Personal ML Projects\engagement-autonomy\scripts\run_episode.py"", line 140, in <module>
    main()
  File ""C:\Users\josep\Desktop\Personal ML Projects\engagement-autonomy\scripts\run_episode.py"", line 24, in main
    cfg = parse_config(load_yaml(args.config))
  File ""C:\Users\josep\Desktop\Personal ML Projects\engagement-autonomy\src\engagement_autonomy\config.py"", line 124, in parse_config
    max_pairs_per_agent=int(pld[""max_pairs_per_agent""]),
KeyError: 'max_pairs_per_agent'"
8,131,error,,,,,"Traceback (most recent call last):
  File ""C:\Users\josep\Desktop\Personal ML Projects\engagement-autonomy\scripts\run_episode.py"", line 140, in <module>
    main()
  File ""C:\Users\josep\Desktop\Personal ML Projects\engagement-autonomy\scripts\run_episode.py"", line 24, in main
    cfg = parse_config(load_yaml(args.config))
  File ""C:\Users\josep\Desktop\Personal ML Projects\engagement-autonomy\src\engagement_autonomy\config.py"", line 124, in parse_config
    max_pairs_per_agent=int(pld[""max_pairs_per_agent""]),
KeyError: 'max_pairs_per_agent'"
9,132,error,,,,,"Traceback (most recent call last):
  File ""C:\Users\josep\Desktop\Personal ML Projects\engagement-autonomy\scripts\run_episode.py"", line 140, in <module>
    main()
  File ""C:\Users\josep\Desktop\Personal ML Projects\engagement-autonomy\scripts\run_episode.py"", line 24, in main
    cfg = parse_config(load_yaml(args.config))
  File ""C:\Users\josep\Desktop\Personal ML Projects\engagement-autonomy\src\engagement_autonomy\config.py"", line 124, in parse_config
    max_pairs_per_agent=int(pld[""max_pairs_per_agent""]),
KeyError: 'max_pairs_per_agent'"
10,133,error,,,,,"Traceback (most recent call last):
  File ""C:\Users\josep\Desktop\Personal ML Projects\engagement-autonomy\scripts\run_episode.py"", line 140, in <module>
    main()
  File ""C:\Users\josep\Desktop\Personal ML Projects\engagement-autonomy\scripts\run_episode.py"", line 24, in main
    cfg = parse_config(load_yaml(args.config))
  File ""C:\Users\josep\Desktop\Personal ML Projects\engagement-autonomy\src\engagement_autonomy\config.py"", line 124, in parse_config
    max_pairs_per_agent=int(pld[""max_pairs_per_agent""]),
KeyError: 'max_pairs_per_agent'"
11,134,error,,,,,"Traceback (most recent call last):
  File ""C:\Users\josep\Desktop\Personal ML Projects\engagement-autonomy\scripts\run_episode.py"", line 140, in <module>
    main()
  File ""C:\Users\josep\Desktop\Personal ML Projects\engagement-autonomy\scripts\run_episode.py"", line 24, in main
    cfg = parse_config(load_yaml(args.config))
  File ""C:\Users\josep\Desktop\Personal ML Projects\engagement-autonomy\src\engagement_autonomy\config.py"", line 124, in parse_config
    max_pairs_per_agent=int(pld[""max_pairs_per_agent""]),
KeyError: 'max_pairs_per_agent'"
12,135,error,,,,,"Traceback (most recent call last):
  File ""C:\Users\josep\Desktop\Personal ML Projects\engagement-autonomy\scripts\run_episode.py"", line 140, in <module>
    main()
  File ""C:\Users\josep\Desktop\Personal ML Projects\engagement-autonomy\scripts\run_episode.py"", line 24, in main
    cfg = parse_config(load_yaml(args.config))
  File ""C:\Users\josep\Desktop\Personal ML Projects\engagement-autonomy\src\engagement_autonomy\config.py"", line 124, in parse_config
    max_pairs_per_agent=int(pld[""max_pairs_per_agent""]),
KeyError: 'max_pairs_per_agent'"
13,136,error,,,,,"Traceback (most recent call last):
  File ""C:\Users\josep\Desktop\Personal ML Projects\engagement-autonomy\scripts\run_episode.py"", line 140, in <module>
    main()
  File ""C:\Users\josep\Desktop\Personal ML Projects\engagement-autonomy\scripts\run_episode.py"", line 24, in main
    cfg = parse_config(load_yaml(args.config))
  File ""C:\Users\josep\Desktop\Personal ML Projects\engagement-autonomy\src\engagement_autonomy\config.py"", line 124, in parse_config
    max_pairs_per_agent=int(pld[""max_pairs_per_agent""]),
KeyError: 'max_pairs_per_agent'"
14,137,error,,,,,"Traceback (most recent call last):
  File ""C:\Users\josep\Desktop\Personal ML Projects\engagement-autonomy\scripts\run_episode.py"", line 140, in <module>
    main()
  File ""C:\Users\josep\Desktop\Personal ML Projects\engagement-autonomy\scripts\run_episode.py"", line 24, in main
    cfg = parse_config(load_yaml(args.config))
  File ""C:\Users\josep\Desktop\Personal ML Projects\engagement-autonomy\src\engagement_autonomy\config.py"", line 124, in parse_config
    max_pairs_per_agent=int(pld[""max_pairs_per_agent""]),
KeyError: 'max_pairs_per_agent'"
15,138,error,,,,,"Traceback (most recent call last):
  File ""C:\Users\josep\Desktop\Personal ML Projects\engagement-autonomy\scripts\run_episode.py"", line 140, in <module>
    main()
  File ""C:\Users\josep\Desktop\Personal ML Projects\engagement-autonomy\scripts\run_episode.py"", line 24, in main
    cfg = parse_config(load_yaml(args.config))
  File ""C:\Users\josep\Desktop\Personal ML Projects\engagement-autonomy\src\engagement_autonomy\config.py"", line 124, in parse_config
    max_pairs_per_agent=int(pld[""max_pairs_per_agent""]),
KeyError: 'max_pairs_per_agent'"
16,139,error,,,,,"Traceback (most recent call last):
  File ""C:\Users\josep\Desktop\Personal ML Projects\engagement-autonomy\scripts\run_episode.py"", line 140, in <module>
    main()
  File ""C:\Users\josep\Desktop\Personal ML Projects\engagement-autonomy\scripts\run_episode.py"", line 24, in main
    cfg = parse_config(load_yaml(args.config))
  File ""C:\Users\josep\Desktop\Personal ML Projects\engagement-autonomy\src\engagement_autonomy\config.py"", line 124, in parse_config
    max_pairs_per_agent=int(pld[""max_pairs_per_agent""]),
KeyError: 'max_pairs_per_agent'"
17,140,error,,,,,"Traceback (most recent call last):
  File ""C:\Users\josep\Desktop\Personal ML Projects\engagement-autonomy\scripts\run_episode.py"", line 140, in <module>
    main()
  File ""C:\Users\josep\Desktop\Personal ML Projects\engagement-autonomy\scripts\run_episode.py"", line 24, in main
    cfg = parse_config(load_yaml(args.config))
  File ""C:\Users\josep\Desktop\Personal ML Projects\engagement-autonomy\src\engagement_autonomy\config.py"", line 124, in parse_config
    max_pairs_per_agent=int(pld[""max_pairs_per_agent""]),
KeyError: 'max_pairs_per_agent'"
18,141,error,,,,,"Traceback (most recent call last):
  File ""C:\Users\josep\Desktop\Personal ML Projects\engagement-autonomy\scripts\run_episode.py"", line 140, in <module>
    main()
  File ""C:\Users\josep\Desktop\Personal ML Projects\engagement-autonomy\scripts\run_episode.py"", line 24, in main
    cfg = parse_config(load_yaml(args.config))
  File ""C:\Users\josep\Desktop\Personal ML Projects\engagement-autonomy\src\engagement_autonomy\config.py"", line 124, in parse_config
    max_pairs_per_agent=int(pld[""max_pairs_per_agent""]),
KeyError: 'max_pairs_per_agent'"
19,142,error,,,,,"Traceback (most recent call last):
  File ""C:\Users\josep\Desktop\Personal ML Projects\engagement-autonomy\scripts\run_episode.py"", line 140, in <module>
    main()
  File ""C:\Users\josep\Desktop\Personal ML Projects\engagement-autonomy\scripts\run_episode.py"", line 24, in main
    cfg = parse_config(load_yaml(args.config))
  File ""C:\Users\josep\Desktop\Personal ML Projects\engagement-autonomy\src\engagement_autonomy\config.py"", line 124, in parse_config
    max_pairs_per_agent=int(pld[""max_pairs_per_agent""]),
KeyError: 'max_pairs_per_agent'"
20,143,error,,,,,"Traceback (most recent call last):
  File ""C:\Users\josep\Desktop\Personal ML Projects\engagement-autonomy\scripts\run_episode.py"", line 140, in <module>
    main()
  File ""C:\Users\josep\Desktop\Personal ML Projects\engagement-autonomy\scripts\run_episode.py"", line 24, in main
    cfg = parse_config(load_yaml(args.config))
  File ""C:\Users\josep\Desktop\Personal ML Projects\engagement-autonomy\src\engagement_autonomy\config.py"", line 124, in parse_config
    max_pairs_per_agent=int(pld[""max_pairs_per_agent""]),
KeyError: 'max_pairs_per_agent'"
21,144,error,,,,,"Traceback (most recent call last):
  File ""C:\Users\josep\Desktop\Personal ML Projects\engagement-autonomy\scripts\run_episode.py"", line 140, in <module>
    main()
  File ""C:\Users\josep\Desktop\Personal ML Projects\engagement-autonomy\scripts\run_episode.py"", line 24, in main
    cfg = parse_config(load_yaml(args.config))
  File ""C:\Users\josep\Desktop\Personal ML Projects\engagement-autonomy\src\engagement_autonomy\config.py"", line 124, in parse_config
    max_pairs_per_agent=int(pld[""max_pairs_per_agent""]),
KeyError: 'max_pairs_per_agent'"
22,145,error,,,,,"Traceback (most recent call last):
  File ""C:\Users\josep\Desktop\Personal ML Projects\engagement-autonomy\scripts\run_episode.py"", line 140, in <module>
    main()
  File ""C:\Users\josep\Desktop\Personal ML Projects\engagement-autonomy\scripts\run_episode.py"", line 24, in main
    cfg = parse_config(load_yaml(args.config))
  File ""C:\Users\josep\Desktop\Personal ML Projects\engagement-autonomy\src\engagement_autonomy\config.py"", line 124, in parse_config
    max_pairs_per_agent=int(pld[""max_pairs_per_agent""]),
KeyError: 'max_pairs_per_agent'"
23,146,error,,,,,"Traceback (most recent call last):
  File ""C:\Users\josep\Desktop\Personal ML Projects\engagement-autonomy\scripts\run_episode.py"", line 140, in <module>
    main()
  File ""C:\Users\josep\Desktop\Personal ML Projects\engagement-autonomy\scripts\run_episode.py"", line 24, in main
    cfg = parse_config(load_yaml(args.config))
  File ""C:\Users\josep\Desktop\Personal ML Projects\engagement-autonomy\src\engagement_autonomy\config.py"", line 124, in parse_config
    max_pairs_per_agent=int(pld[""max_pairs_per_agent""]),
KeyError: 'max_pairs_per_agent'"
24,147,error,,,,,"Traceback (most recent call last):
  File ""C:\Users\josep\Desktop\Personal ML Projects\engagement-autonomy\scripts\run_episode.py"", line 140, in <module>
    main()
  File ""C:\Users\josep\Desktop\Personal ML Projects\engagement-autonomy\scripts\run_episode.py"", line 24, in main
    cfg = parse_config(load_yaml(args.config))
  File ""C:\Users\josep\Desktop\Personal ML Projects\engagement-autonomy\src\engagement_autonomy\config.py"", line 124, in parse_config
    max_pairs_per_agent=int(pld[""max_pairs_per_agent""]),
KeyError: 'max_pairs_per_agent'"
25,148,error,,,,,"Traceback (most recent call last):
  File ""C:\Users\josep\Desktop\Personal ML Projects\engagement-autonomy\scripts\run_episode.py"", line 140, in <module>
    main()
  File ""C:\Users\josep\Desktop\Personal ML Projects\engagement-autonomy\scripts\run_episode.py"", line 24, in main
    cfg = parse_config(load_yaml(args.config))
  File ""C:\Users\josep\Desktop\Personal ML Projects\engagement-autonomy\src\engagement_autonomy\config.py"", line 124, in parse_config
    max_pairs_per_agent=int(pld[""max_pairs_per_agent""]),
KeyError: 'max_pairs_per_agent'"
26,149,error,,,,,"Traceback (most recent call last):
  File ""C:\Users\josep\Desktop\Personal ML Projects\engagement-autonomy\scripts\run_episode.py"", line 140, in <module>
    main()
  File ""C:\Users\josep\Desktop\Personal ML Projects\engagement-autonomy\scripts\run_episode.py"", line 24, in main
    cfg = parse_config(load_yaml(args.config))
  File ""C:\Users\josep\Desktop\Personal ML Projects\engagement-autonomy\src\engagement_autonomy\config.py"", line 124, in parse_config
    max_pairs_per_agent=int(pld[""max_pairs_per_agent""]),
KeyError: 'max_pairs_per_agent'"
27,150,error,,,,,"Traceback (most recent call last):
  File ""C:\Users\josep\Desktop\Personal ML Projects\engagement-autonomy\scripts\run_episode.py"", line 140, in <module>
    main()
  File ""C:\Users\josep\Desktop\Personal ML Projects\engagement-autonomy\scripts\run_episode.py"", line 24, in main
    cfg = parse_config(load_yaml(args.config))
  File ""C:\Users\josep\Desktop\Personal ML Projects\engagement-autonomy\src\engagement_autonomy\config.py"", line 124, in parse_config
    max_pairs_per_agent=int(pld[""max_pairs_per_agent""]),
KeyError: 'max_pairs_per_agent'"
28,151,error,,,,,"Traceback (most recent call last):
  File ""C:\Users\josep\Desktop\Personal ML Projects\engagement-autonomy\scripts\run_episode.py"", line 140, in <module>
    main()
  File ""C:\Users\josep\Desktop\Personal ML Projects\engagement-autonomy\scripts\run_episode.py"", line 24, in main
    cfg = parse_config(load_yaml(args.config))
  File ""C:\Users\josep\Desktop\Personal ML Projects\engagement-autonomy\src\engagement_autonomy\config.py"", line 124, in parse_config
    max_pairs_per_agent=int(pld[""max_pairs_per_agent""]),
KeyError: 'max_pairs_per_agent'"
29,152,error,,,,,"Traceback (most recent call last):
  File ""C:\Users\josep\Desktop\Personal ML Projects\engagement-autonomy\scripts\run_episode.py"", line 140, in <module>
    main()
  File ""C:\Users\josep\Desktop\Personal ML Projects\engagement-autonomy\scripts\run_episode.py"", line 24, in main
    cfg = parse_config(load_yaml(args.config))
  File ""C:\Users\josep\Desktop\Personal ML Projects\engagement-autonomy\src\engagement_autonomy\config.py"", line 124, in parse_config
    max_pairs_per_agent=int(pld[""max_pairs_per_agent""]),
KeyError: 'max_pairs_per_agent'"
